Candidato;Partido;Número de Votos;Percentual
Partido da Social Democracia Brasileira;PSDB;2;
Movimento Democrático Brasileiro;MDB;3;
Partido Trabalhista Brasileiro;PTB;8;
Partido da Social Democracia Brasileira;PSDB;2;
Movimento Democrático Brasileiro;MDB;16;
Partido Trabalhista Brasileiro;PTB;8;
Partido da Social Democracia Brasileira;PSDB;3;
Movimento Democrático Brasileiro;MDB;9;
Partido Trabalhista Brasileiro;PTB;12;
Partido da Social Democracia Brasileira;PSDB;1;
Movimento Democrático Brasileiro;MDB;6;
Partido Trabalhista Brasileiro;PTB;5;
Partido da Social Democracia Brasileira;PSDB;1;
Movimento Democrático Brasileiro;MDB;7;
Partido Trabalhista Brasileiro;PTB;2;
Partido da Social Democracia Brasileira;PSDB;1;
Movimento Democrático Brasileiro;MDB;9;
Partido Trabalhista Brasileiro;PTB;11;
Partido da Social Democracia Brasileira;PSDB;2;
Movimento Democrático Brasileiro;MDB;4;
Partido Trabalhista Brasileiro;PTB;5;
JOSÉ CICERO DE OLIVEIRA;PSDB;2;
THAYSE FERNANDA SOUSA BARROS LEITE;PSDB;8;
ALEXSANDRO DE LIMA;PSDB;9;
FABIANA DE OLIVEIRA SILVA;PSDB;1;
ROSA MARIA DA SILVA SANTOS;PSDB;1;
ELIAS LEANDRO DA SILVA;PSDB;1;
LUIZ EDUARDO MARQUES DA SILVA;PSDB;1;
VOTO BRANCO;branco;4;
VOTO NULO;NULO;10;
MARCOS JOSE HERCULANO DA SILVA;PTB;100;
ADELMO ZEFERINO DE SOUZA JUNIOR;MDB;125;
THOMAS HENRIQUE PEIXOTO LEITE;PSDB;17;
VOTO BRANCO;branco;1;
VOTO NULO;NULO;9;
GERALDO DOS SANTOS;PTB;10;
JOSÉ CARLOS SILVA MONTEIRO;PTB;1;
ROZILENE RODRIGUES GOMES ALBUQUERQUE;PTB;4;
WELLINGTON DOS SANTOS;PTB;1;
INALDO GONÇALVES DA SILVA;PTB;3;
ISAEL RIBEIRO DOS SANTOS;PTB;4;
LEVI JOSÉ DA SILVA;PTB;5;
DAIANA SILVA DE SOUSA;PTB;5;
PRISCILA FERNANDES GOMES;PTB;2;
SUYANNE VALERIO DE LIMA;PTB;2;
ARY CLEYTON DE CARVALHO REGO;MDB;19;
MANOEL LUIS SANTOS DA SILVA;MDB;10;
ROSIETE DE ARAUJO SILVA;MDB;1;
EGUIMAR FERREIRA DA SILVA;MDB;17;
MARIA DE FATIMA DE ARAUJO FREITAS;MDB;6;
MARIA ALESSANDRA PANTALEÃO DOS SANTOS;MDB;3;
WILLIAM BIZERRA DOS SANTOS;MDB;11;
GIBSON BUARQUE DE MELO;MDB;19;
MANOEL CARLOS RODRIGUES CALHEIROS;MDB;9;
GERALDO DOS SANTOS;PTB;10;
LEANDRO JOÃO DA SILVA;PSDB;2;
ROZILENE RODRIGUES GOMES ALBUQUERQUE;PTB;7;
CLOVIS MARQUES DOS SANTOS;PTB;1;
WELLINGTON DOS SANTOS;PTB;1;
ISAEL RIBEIRO DOS SANTOS;PTB;13;
LEVI JOSÉ DA SILVA;PTB;3;
LOURIVAL DOS SANTOS LIMA;PTB;1;
ADEVAN DE LIMA SILVA;PSDB;1;
ARNALDO DA SILVA LIMA;PSDB;1;
JOSÉ CICERO DE OLIVEIRA;PSDB;6;
ELIAS LEANDRO DA SILVA;PSDB;1;
GENALDO CRISTOVÃO DOS SANTOS;PSDB;1;
VOTO BRANCO;branco;2;
VOTO NULO;NULO;14;
MARCOS JOSE HERCULANO DA SILVA;PTB;153;
ADELMO ZEFERINO DE SOUZA JUNIOR;MDB;164;
THOMAS HENRIQUE PEIXOTO LEITE;PSDB;14;
VOTO BRANCO;branco;2;
VOTO NULO;NULO;6;
THAYSE FERNANDA SOUSA BARROS LEITE;PSDB;9;
ALEXSANDRO DE LIMA;PSDB;17;
ISAEL RIBEIRO DOS SANTOS;PTB;10;
GERALDO DOS SANTOS;PTB;15;
ROZILENE RODRIGUES GOMES ALBUQUERQUE;PTB;2;
INALDO GONÇALVES DA SILVA;PTB;1;
THAYSE FERNANDA SOUSA BARROS LEITE;PSDB;12;
ALEXSANDRO DE LIMA;PSDB;4;
MARIA AUZENI DA SILVA;PSDB;1;
JOSÉ CICERO DE OLIVEIRA;PSDB;5;
ELIAS LEANDRO DA SILVA;PSDB;1;
GENALDO CRISTOVÃO DOS SANTOS;PSDB;1;
MICHELLE MARIA DOS SANTOS;PSDB;1;
VOTO BRANCO;branco;6;
VOTO NULO;NULO;15;
MARCOS JOSE HERCULANO DA SILVA;PTB;155;
ADELMO ZEFERINO DE SOUZA JUNIOR;MDB;131;
THOMAS HENRIQUE PEIXOTO LEITE;PSDB;26;
VOTO BRANCO;branco;5;
VOTO NULO;NULO;9;
LEVI JOSÉ DA SILVA;PTB;2;
LOURIVAL DOS SANTOS LIMA;PTB;4;
DAIANA SILVA DE SOUSA;PTB;8;
PRISCILA FERNANDES GOMES;PTB;8;
SUYANNE VALERIO DE LIMA;PTB;1;
EVERALDO FERREIRA DE LIMA;PTB;1;
ARY CLEYTON DE CARVALHO REGO;MDB;10;
MANOEL LUIS SANTOS DA SILVA;MDB;26;
ROSIETE DE ARAUJO SILVA;MDB;1;
EGUIMAR FERREIRA DA SILVA;MDB;26;
MARIA DE FATIMA DE ARAUJO FREITAS;MDB;4;
MARIA ALESSANDRA PANTALEÃO DOS SANTOS;MDB;8;
WILLIAM BIZERRA DOS SANTOS;MDB;15;
SIDIANE MARIA LIMA DA SILVA;MDB;1;
GIBSON BUARQUE DE MELO;MDB;20;
MANOEL CARLOS RODRIGUES CALHEIROS;MDB;11;
SONIA MARIA DA SILVA;MDB;16;
MANOEL ELIAS DE MELO CALHEIROS;MDB;9;
ADEILSON DE ARAUJO VIEIRA;MDB;21;
CLEIDE JANE DOS SANTOS;MDB;4;
JOSÉ RENATO DOS SANTOS;MDB;10;
DJALMA DA ROSA CALHEIROS;MDB;22;
LEANDRO JOÃO DA SILVA;PSDB;3;
ELIAS LEANDRO DA SILVA;PSDB;2;
LUIZ EDUARDO MARQUES DA SILVA;PSDB;1;
VOTO BRANCO;branco;6;
VOTO NULO;NULO;14;
MARCOS JOSE HERCULANO DA SILVA;PTB;138;
ADELMO ZEFERINO DE SOUZA JUNIOR;MDB;126;
THOMAS HENRIQUE PEIXOTO LEITE;PSDB;25;
VOTO BRANCO;branco;3;
VOTO NULO;NULO;5;
ISAEL RIBEIRO DOS SANTOS;PTB;10;
LEVI JOSÉ DA SILVA;PTB;2;
JOSÉ CARLOS SILVA MONTEIRO;PTB;1;
MARIA ALESSANDRA PANTALEÃO DOS SANTOS;MDB;15;
GERALDO DOS SANTOS;PTB;13;
ROZILENE RODRIGUES GOMES ALBUQUERQUE;PTB;3;
INALDO GONÇALVES DA SILVA;PTB;5;
ISAEL RIBEIRO DOS SANTOS;PTB;12;
LEVI JOSÉ DA SILVA;PTB;5;
DAIANA SILVA DE SOUSA;PTB;9;
PRISCILA FERNANDES GOMES;PTB;7;
SUYANNE VALERIO DE LIMA;PTB;1;
EVERALDO FERREIRA DE LIMA;PTB;3;
ARY CLEYTON DE CARVALHO REGO;MDB;15;
VOTO NULO;NULO;9;
MARCOS JOSE HERCULANO DA SILVA;PTB;143;
ADELMO ZEFERINO DE SOUZA JUNIOR;MDB;143;
MARIA ALESSANDRA PANTALEÃO DOS SANTOS;MDB;11;
WILLIAM BIZERRA DOS SANTOS;MDB;20;
SIDIANE MARIA LIMA DA SILVA;MDB;1;
GIBSON BUARQUE DE MELO;MDB;24;
MANOEL CARLOS RODRIGUES CALHEIROS;MDB;11;
SONIA MARIA DA SILVA;MDB;24;
MANOEL ELIAS DE MELO CALHEIROS;MDB;7;
ADEILSON DE ARAUJO VIEIRA;MDB;24;
ARNALDO BENTO DA SILVA FILHO;PTB;1;
GERALDO DOS SANTOS;PTB;8;
JOSÉ CARLOS SILVA MONTEIRO;PTB;2;
ROZILENE RODRIGUES GOMES ALBUQUERQUE;PTB;5;
MARIA JOSÉ DE AZEVEDO BISPO;PTB;1;
CLOVIS MARQUES DOS SANTOS;PTB;1;
WELLINGTON DOS SANTOS;PTB;3;
INALDO GONÇALVES DA SILVA;PTB;5;
ISAEL RIBEIRO DOS SANTOS;PTB;10;
LEVI JOSÉ DA SILVA;PTB;1;
THOMAS HENRIQUE PEIXOTO LEITE;PSDB;18;
VOTO BRANCO;branco;2;
VOTO NULO;NULO;11;
CLEIDE JANE DOS SANTOS;MDB;4;
JOSÉ RENATO DOS SANTOS;MDB;8;
DJALMA DA ROSA CALHEIROS;MDB;15;
JOSÉ WILLIAMS ALMEIDA DOS SANTOS;MDB;1;
LEANDRO JOÃO DA SILVA;PSDB;1;
ADEVAN DE LIMA SILVA;PSDB;2;
LOURIVAL DOS SANTOS LIMA;PTB;3;
DAIANA SILVA DE SOUSA;PTB;7;
PRISCILA FERNANDES GOMES;PTB;8;
SUYANNE VALERIO DE LIMA;PTB;1;
EVERALDO FERREIRA DE LIMA;PTB;2;
ARY CLEYTON DE CARVALHO REGO;MDB;15;
MANOEL LUIS SANTOS DA SILVA;MDB;16;
ROSIETE DE ARAUJO SILVA;MDB;1;
EGUIMAR FERREIRA DA SILVA;MDB;19;
MARIA DE FATIMA DE ARAUJO FREITAS;MDB;2;
ARNALDO DA SILVA LIMA;PSDB;2;
THAYSE FERNANDA SOUSA BARROS LEITE;PSDB;4;
ALEXSANDRO DE LIMA;PSDB;9;
ARY CLEYTON DE CARVALHO REGO;MDB;13;
LOURIVAL DOS SANTOS LIMA;PTB;2;
DAIANA SILVA DE SOUSA;PTB;5;
PRISCILA FERNANDES GOMES;PTB;7;
MANOEL LUIS SANTOS DA SILVA;MDB;21;
EGUIMAR FERREIRA DA SILVA;MDB;16;
MARIA DE FATIMA DE ARAUJO FREITAS;MDB;5;
MARIA ALESSANDRA PANTALEÃO DOS SANTOS;MDB;6;
WILLIAM BIZERRA DOS SANTOS;MDB;17;
GIBSON BUARQUE DE MELO;MDB;25;
MANOEL CARLOS RODRIGUES CALHEIROS;MDB;9;
SONIA MARIA DA SILVA;MDB;15;
MANOEL ELIAS DE MELO CALHEIROS;MDB;7;
ADEILSON DE ARAUJO VIEIRA;MDB;17;
CLEIDE JANE DOS SANTOS;MDB;4;
JOSÉ RENATO DOS SANTOS;MDB;15;
DJALMA DA ROSA CALHEIROS;MDB;21;
JOSÉ WILLIAMS ALMEIDA DOS SANTOS;MDB;4;
LEANDRO JOÃO DA SILVA;PSDB;3;
ADEVAN DE LIMA SILVA;PSDB;2;
ARNALDO DA SILVA LIMA;PSDB;1;
THAYSE FERNANDA SOUSA BARROS LEITE;PSDB;17;
GERALDO DOS SANTOS;PTB;22;
JOSÉ CARLOS SILVA MONTEIRO;PTB;2;
ROZILENE RODRIGUES GOMES ALBUQUERQUE;PTB;2;
MARIA AUZENI DA SILVA;PSDB;1;
ELIAS LEANDRO DA SILVA;PSDB;2;
MARIA ALESSANDRA PANTALEÃO DOS SANTOS;MDB;2;
WILLIAM BIZERRA DOS SANTOS;MDB;15;
GIBSON BUARQUE DE MELO;MDB;26;
MANOEL CARLOS RODRIGUES CALHEIROS;MDB;19;
SONIA MARIA DA SILVA;MDB;15;
MANOEL ELIAS DE MELO CALHEIROS;MDB;10;
ADEILSON DE ARAUJO VIEIRA;MDB;17;
JOSÉ RENATO DOS SANTOS;MDB;7;
DJALMA DA ROSA CALHEIROS;MDB;16;
JOSÉ WILLIAMS ALMEIDA DOS SANTOS;MDB;6;
LEANDRO JOÃO DA SILVA;PSDB;3;
ARNALDO DA SILVA LIMA;PSDB;1;
THAYSE FERNANDA SOUSA BARROS LEITE;PSDB;18;
ALEXSANDRO DE LIMA;PSDB;12;
FABIANA DE OLIVEIRA SILVA;PSDB;1;
JOSÉ CICERO DE OLIVEIRA;PSDB;4;
ROSA MARIA DA SILVA SANTOS;PSDB;1;
ELIAS LEANDRO DA SILVA;PSDB;4;
JULIANA MATIAS DOS SANTOS;PTB;1;
INALDO GONÇALVES DA SILVA;PTB;3;
ISAEL RIBEIRO DOS SANTOS;PTB;3;
ADEMIR SAMPAIO DE OLIVEIRA;PTB;2;
LEVI JOSÉ DA SILVA;PTB;3;
LOURIVAL DOS SANTOS LIMA;PTB;1;
VOTO BRANCO;branco;1;
MARCOS JOSE HERCULANO DA SILVA;PTB;146;
ADELMO ZEFERINO DE SOUZA JUNIOR;MDB;131;
THOMAS HENRIQUE PEIXOTO LEITE;PSDB;17;
VOTO NULO;NULO;12;
MANOEL CARLOS RODRIGUES CALHEIROS;MDB;16;
GIBSON BUARQUE DE MELO;MDB;23;
MANOEL ELIAS DE MELO CALHEIROS;MDB;12;
ADEILSON DE ARAUJO VIEIRA;MDB;17;
CLEIDE JANE DOS SANTOS;MDB;1;
JOSÉ RENATO DOS SANTOS;MDB;10;
ARNALDO BENTO DA SILVA FILHO;PTB;1;
GERALDO DOS SANTOS;PTB;9;
ROZILENE RODRIGUES GOMES ALBUQUERQUE;PTB;3;
MARIA JOSÉ DE AZEVEDO BISPO;PTB;1;
WELLINGTON DOS SANTOS;PTB;2;
INALDO GONÇALVES DA SILVA;PTB;4;
ISAEL RIBEIRO DOS SANTOS;PTB;12;
LEVI JOSÉ DA SILVA;PTB;3;
LOURIVAL DOS SANTOS LIMA;PTB;3;
DAIANA SILVA DE SOUSA;PTB;2;
PRISCILA FERNANDES GOMES;PTB;8;
MARCOS JOSE HERCULANO DA SILVA;PTB;111;
ADELMO ZEFERINO DE SOUZA JUNIOR;MDB;150;
THOMAS HENRIQUE PEIXOTO LEITE;PSDB;24;
VOTO BRANCO;branco;4;
VOTO NULO;NULO;13;
JOSÉ CICERO DE OLIVEIRA;PSDB;5;
ROSA MARIA DA SILVA SANTOS;PSDB;1;
ELIAS LEANDRO DA SILVA;PSDB;2;
LUIZ EDUARDO MARQUES DA SILVA;PSDB;2;
VOTO BRANCO;branco;3;
VOTO NULO;NULO;19;
SUYANNE VALERIO DE LIMA;PTB;3;
ARY CLEYTON DE CARVALHO REGO;MDB;7;
MANOEL LUIS SANTOS DA SILVA;MDB;11;
DJALMA DA ROSA CALHEIROS;MDB;8;
JOSÉ WILLIAMS ALMEIDA DOS SANTOS;MDB;4;
LEANDRO JOÃO DA SILVA;PSDB;1;
ARNALDO DA SILVA LIMA;PSDB;1;
THAYSE FERNANDA SOUSA BARROS LEITE;PSDB;8;
ALEXSANDRO DE LIMA;PSDB;5;
FABIANA DE OLIVEIRA SILVA;PSDB;3;
EGUIMAR FERREIRA DA SILVA;MDB;19;
MARIA DE FATIMA DE ARAUJO FREITAS;MDB;3;
MARIA ALESSANDRA PANTALEÃO DOS SANTOS;MDB;11;
WILLIAM BIZERRA DOS SANTOS;MDB;19;
SIDIANE MARIA LIMA DA SILVA;MDB;1;
SONIA MARIA DA SILVA;MDB;13;
GERALDO DOS SANTOS;PTB;13;
ROZILENE RODRIGUES GOMES ALBUQUERQUE;PTB;3;
JULIANA MATIAS DOS SANTOS;PTB;1;
INALDO GONÇALVES DA SILVA;PTB;1;
ISAEL RIBEIRO DOS SANTOS;PTB;13;
LEVI JOSÉ DA SILVA;PTB;2;
ADEILSON DE ARAUJO VIEIRA;MDB;19;
MANOEL CARLOS RODRIGUES CALHEIROS;MDB;14;
SONIA MARIA DA SILVA;MDB;17;
MANOEL ELIAS DE MELO CALHEIROS;MDB;7;
CLEIDE JANE DOS SANTOS;MDB;1;
JOSÉ RENATO DOS SANTOS;MDB;8;
DJALMA DA ROSA CALHEIROS;MDB;14;
VOTO NULO;NULO;6;
ARNALDO BENTO DA SILVA FILHO;PTB;1;
GERALDO DOS SANTOS;PTB;8;
JOSÉ CARLOS SILVA MONTEIRO;PTB;1;
ROZILENE RODRIGUES GOMES ALBUQUERQUE;PTB;3;
MARIA JOSÉ DE AZEVEDO BISPO;PTB;1;
WELLINGTON DOS SANTOS;PTB;3;
INALDO GONÇALVES DA SILVA;PTB;3;
ISAEL RIBEIRO DOS SANTOS;PTB;14;
LOURIVAL DOS SANTOS LIMA;PTB;4;
DAIANA SILVA DE SOUSA;PTB;7;
PRISCILA FERNANDES GOMES;PTB;2;
JOSÉ WILLIAMS ALMEIDA DOS SANTOS;MDB;14;
LEANDRO JOÃO DA SILVA;PSDB;1;
ADEVAN DE LIMA SILVA;PSDB;2;
VOTO NULO;NULO;14;
MARCOS JOSE HERCULANO DA SILVA;PTB;117;
ADELMO ZEFERINO DE SOUZA JUNIOR;MDB;166;
THOMAS HENRIQUE PEIXOTO LEITE;PSDB;24;
VOTO BRANCO;branco;4;
JOSÉ RENATO DOS SANTOS;MDB;9;
CLEIDE JANE DOS SANTOS;MDB;3;
JOSÉ WILLIAMS ALMEIDA DOS SANTOS;MDB;11;
LEANDRO JOÃO DA SILVA;PSDB;1;
ADEVAN DE LIMA SILVA;PSDB;4;
ARNALDO DA SILVA LIMA;PSDB;2;
THAYSE FERNANDA SOUSA BARROS LEITE;PSDB;6;
ALEXSANDRO DE LIMA;PSDB;20;
FABIANA DE OLIVEIRA SILVA;PSDB;1;
JOSÉ CICERO DE OLIVEIRA;PSDB;6;
MICHELLE MARIA DOS SANTOS;PSDB;1;
VOTO BRANCO;branco;5;
VOTO NULO;NULO;14;
MARCOS JOSE HERCULANO DA SILVA;PTB;147;
ADELMO ZEFERINO DE SOUZA JUNIOR;MDB;149;
THOMAS HENRIQUE PEIXOTO LEITE;PSDB;14;
MANOEL LUIS SANTOS DA SILVA;MDB;15;
EGUIMAR FERREIRA DA SILVA;MDB;39;
MARIA DE FATIMA DE ARAUJO FREITAS;MDB;3;
MARIA ALESSANDRA PANTALEÃO DOS SANTOS;MDB;4;
WILLIAM BIZERRA DOS SANTOS;MDB;16;
GIBSON BUARQUE DE MELO;MDB;19;
MANOEL CARLOS RODRIGUES CALHEIROS;MDB;7;
SONIA MARIA DA SILVA;MDB;14;
MANOEL ELIAS DE MELO CALHEIROS;MDB;15;
ADEILSON DE ARAUJO VIEIRA;MDB;20;
JOSÉ CARLOS SILVA MONTEIRO;PTB;2;
CLEIDE JANE DOS SANTOS;MDB;3;
ARNALDO BENTO DA SILVA FILHO;PTB;2;
GERALDO DOS SANTOS;PTB;15;
ROZILENE RODRIGUES GOMES ALBUQUERQUE;PTB;2;
CLOVIS MARQUES DOS SANTOS;PTB;1;
WELLINGTON DOS SANTOS;PTB;1;
JULIANA MATIAS DOS SANTOS;PTB;1;
INALDO GONÇALVES DA SILVA;PTB;1;
ISAEL RIBEIRO DOS SANTOS;PTB;7;
ADEMIR SAMPAIO DE OLIVEIRA;PTB;1;
LEVI JOSÉ DA SILVA;PTB;4;
DAIANA SILVA DE SOUSA;PTB;10;
PRISCILA FERNANDES GOMES;PTB;8;
EVERALDO FERREIRA DE LIMA;PTB;1;
ARY CLEYTON DE CARVALHO REGO;MDB;18;
MANOEL LUIS SANTOS DA SILVA;MDB;21;
ROSIETE DE ARAUJO SILVA;MDB;1;
EGUIMAR FERREIRA DA SILVA;MDB;18;
MARIA DE FATIMA DE ARAUJO FREITAS;MDB;5;
MARIA ALESSANDRA PANTALEÃO DOS SANTOS;MDB;6;
VOTO NULO;NULO;7;
JOSÉ RENATO DOS SANTOS;MDB;13;
DJALMA DA ROSA CALHEIROS;MDB;14;
JOSÉ WILLIAMS ALMEIDA DOS SANTOS;MDB;7;
LEANDRO JOÃO DA SILVA;PSDB;1;
ADEVAN DE LIMA SILVA;PSDB;3;
ARNALDO DA SILVA LIMA;PSDB;1;
THAYSE FERNANDA SOUSA BARROS LEITE;PSDB;10;
ALEXSANDRO DE LIMA;PSDB;8;
FABIANA DE OLIVEIRA SILVA;PSDB;2;
JOSÉ CICERO DE OLIVEIRA;PSDB;6;
ROSA MARIA DA SILVA SANTOS;PSDB;1;
GENALDO CRISTOVÃO DOS SANTOS;PSDB;1;
LUIZ EDUARDO MARQUES DA SILVA;PSDB;3;
VOTO BRANCO;branco;4;
VOTO NULO;NULO;4;
MARCOS JOSE HERCULANO DA SILVA;PTB;143;
ADELMO ZEFERINO DE SOUZA JUNIOR;MDB;150;
THOMAS HENRIQUE PEIXOTO LEITE;PSDB;24;
VOTO BRANCO;branco;3;
WILLIAM BIZERRA DOS SANTOS;MDB;18;
SIDIANE MARIA LIMA DA SILVA;MDB;1;
GIBSON BUARQUE DE MELO;MDB;18;
MANOEL CARLOS RODRIGUES CALHEIROS;MDB;11;
SONIA MARIA DA SILVA;MDB;20;
MANOEL ELIAS DE MELO CALHEIROS;MDB;12;
ADEMIR SAMPAIO DE OLIVEIRA;PTB;1;
WILLIAM BIZERRA DOS SANTOS;MDB;12;
LOURIVAL DOS SANTOS LIMA;PTB;4;
DAIANA SILVA DE SOUSA;PTB;4;
DAIANA SILVA DE SOUSA;PTB;12;
VOTO NULO;NULO;9;
LEVI JOSÉ DA SILVA;PTB;3;
LOURIVAL DOS SANTOS LIMA;PTB;2;
PRISCILA FERNANDES GOMES;PTB;7;
SUYANNE VALERIO DE LIMA;PTB;1;
EVERALDO FERREIRA DE LIMA;PTB;2;
ARY CLEYTON DE CARVALHO REGO;MDB;17;
MANOEL LUIS SANTOS DA SILVA;MDB;20;
EGUIMAR FERREIRA DA SILVA;MDB;12;
MARIA DE FATIMA DE ARAUJO FREITAS;MDB;3;
MARIA ALESSANDRA PANTALEÃO DOS SANTOS;MDB;6;
WILLIAM BIZERRA DOS SANTOS;MDB;9;
SIDIANE MARIA LIMA DA SILVA;MDB;3;
GIBSON BUARQUE DE MELO;MDB;9;
MANOEL CARLOS RODRIGUES CALHEIROS;MDB;8;
SONIA MARIA DA SILVA;MDB;12;
MANOEL ELIAS DE MELO CALHEIROS;MDB;17;
ARNALDO BENTO DA SILVA FILHO;PTB;1;
GERALDO DOS SANTOS;PTB;14;
JOSÉ CARLOS SILVA MONTEIRO;PTB;1;
ROZILENE RODRIGUES GOMES ALBUQUERQUE;PTB;2;
MARIA JOSÉ DE AZEVEDO BISPO;PTB;1;
INALDO GONÇALVES DA SILVA;PTB;3;
ISAEL RIBEIRO DOS SANTOS;PTB;7;
CLEIDE JANE DOS SANTOS;MDB;3;
ARNALDO BENTO DA SILVA FILHO;PTB;1;
INALDO GONÇALVES DA SILVA;PTB;3;
VOTO NULO;NULO;12;
MARCOS JOSE HERCULANO DA SILVA;PTB;154;
ADELMO ZEFERINO DE SOUZA JUNIOR;MDB;120;
ISAEL RIBEIRO DOS SANTOS;PTB;9;
LEVI JOSÉ DA SILVA;PTB;5;
LOURIVAL DOS SANTOS LIMA;PTB;3;
DAIANA SILVA DE SOUSA;PTB;10;
PRISCILA FERNANDES GOMES;PTB;6;
SUYANNE VALERIO DE LIMA;PTB;2;
EVERALDO FERREIRA DE LIMA;PTB;3;
ARY CLEYTON DE CARVALHO REGO;MDB;11;
MANOEL LUIS SANTOS DA SILVA;MDB;17;
EGUIMAR FERREIRA DA SILVA;MDB;16;
MARIA DE FATIMA DE ARAUJO FREITAS;MDB;4;
MARIA ALESSANDRA PANTALEÃO DOS SANTOS;MDB;7;
WILLIAM BIZERRA DOS SANTOS;MDB;18;
SIDIANE MARIA LIMA DA SILVA;MDB;4;
GIBSON BUARQUE DE MELO;MDB;23;
MANOEL CARLOS RODRIGUES CALHEIROS;MDB;10;
SONIA MARIA DA SILVA;MDB;13;
MANOEL ELIAS DE MELO CALHEIROS;MDB;14;
ADEILSON DE ARAUJO VIEIRA;MDB;14;
CLEIDE JANE DOS SANTOS;MDB;3;
ARY CLEYTON DE CARVALHO REGO;MDB;11;
DAIANA SILVA DE SOUSA;PTB;5;
SUYANNE VALERIO DE LIMA;PTB;5;
EVERALDO FERREIRA DE LIMA;PTB;2;
MANOEL LUIS SANTOS DA SILVA;MDB;15;
ROSIETE DE ARAUJO SILVA;MDB;1;
EGUIMAR FERREIRA DA SILVA;MDB;34;
MARIA DE FATIMA DE ARAUJO FREITAS;MDB;9;
MARIA ALESSANDRA PANTALEÃO DOS SANTOS;MDB;8;
WILLIAM BIZERRA DOS SANTOS;MDB;10;
GIBSON BUARQUE DE MELO;MDB;21;
MANOEL CARLOS RODRIGUES CALHEIROS;MDB;18;
SONIA MARIA DA SILVA;MDB;15;
MANOEL ELIAS DE MELO CALHEIROS;MDB;10;
ADEILSON DE ARAUJO VIEIRA;MDB;27;
CLEIDE JANE DOS SANTOS;MDB;6;
JOSÉ RENATO DOS SANTOS;MDB;7;
DJALMA DA ROSA CALHEIROS;MDB;19;
JOSÉ WILLIAMS ALMEIDA DOS SANTOS;MDB;4;
JOSÉ CARLOS SILVA MONTEIRO;PTB;1;
SIDIANE MARIA LIMA DA SILVA;MDB;2;
GIBSON BUARQUE DE MELO;MDB;16;
MANOEL CARLOS RODRIGUES CALHEIROS;MDB;14;
SONIA MARIA DA SILVA;MDB;12;
ARY CLEYTON DE CARVALHO REGO;MDB;17;
MANOEL LUIS SANTOS DA SILVA;MDB;27;
EGUIMAR FERREIRA DA SILVA;MDB;18;
MARIA DE FATIMA DE ARAUJO FREITAS;MDB;2;
MARIA ALESSANDRA PANTALEÃO DOS SANTOS;MDB;6;
WILLIAM BIZERRA DOS SANTOS;MDB;9;
ARNALDO BENTO DA SILVA FILHO;PTB;1;
GERALDO DOS SANTOS;PTB;18;
JOSÉ CARLOS SILVA MONTEIRO;PTB;2;
WELLINGTON DOS SANTOS;PTB;3;
INALDO GONÇALVES DA SILVA;PTB;1;
ISAEL RIBEIRO DOS SANTOS;PTB;11;
LEVI JOSÉ DA SILVA;PTB;5;
LOURIVAL DOS SANTOS LIMA;PTB;2;
DAIANA SILVA DE SOUSA;PTB;10;
PRISCILA FERNANDES GOMES;PTB;3;
SUYANNE VALERIO DE LIMA;PTB;3;
MANOEL ELIAS DE MELO CALHEIROS;MDB;7;
ADEILSON DE ARAUJO VIEIRA;MDB;12;
CLEIDE JANE DOS SANTOS;MDB;1;
JOSÉ RENATO DOS SANTOS;MDB;13;
DJALMA DA ROSA CALHEIROS;MDB;16;
JOSÉ WILLIAMS ALMEIDA DOS SANTOS;MDB;1;
LEANDRO JOÃO DA SILVA;PSDB;4;
ADEVAN DE LIMA SILVA;PSDB;3;
ARNALDO DA SILVA LIMA;PSDB;1;
THAYSE FERNANDA SOUSA BARROS LEITE;PSDB;11;
SUYANNE VALERIO DE LIMA;PTB;2;
LOURIVAL DOS SANTOS LIMA;PTB;3;
DAIANA SILVA DE SOUSA;PTB;8;
PRISCILA FERNANDES GOMES;PTB;7;
ARY CLEYTON DE CARVALHO REGO;MDB;17;
MANOEL LUIS SANTOS DA SILVA;MDB;12;
EGUIMAR FERREIRA DA SILVA;MDB;16;
MARIA DE FATIMA DE ARAUJO FREITAS;MDB;6;
ARNALDO BENTO DA SILVA FILHO;PTB;1;
GERALDO DOS SANTOS;PTB;11;
ROZILENE RODRIGUES GOMES ALBUQUERQUE;PTB;2;
WELLINGTON DOS SANTOS;PTB;1;
INALDO GONÇALVES DA SILVA;PTB;5;
JOSÉ WILLIAMS ALMEIDA DOS SANTOS;MDB;3;
LEANDRO JOÃO DA SILVA;PSDB;3;
ADEVAN DE LIMA SILVA;PSDB;3;
ARNALDO DA SILVA LIMA;PSDB;2;
THAYSE FERNANDA SOUSA BARROS LEITE;PSDB;9;
ALEXSANDRO DE LIMA;PSDB;4;
FABIANA DE OLIVEIRA SILVA;PSDB;3;
JOSÉ CICERO DE OLIVEIRA;PSDB;3;
MARIA ALESSANDRA PANTALEÃO DOS SANTOS;MDB;6;
WILLIAM BIZERRA DOS SANTOS;MDB;16;
SIDIANE MARIA LIMA DA SILVA;MDB;1;
GIBSON BUARQUE DE MELO;MDB;27;
MANOEL CARLOS RODRIGUES CALHEIROS;MDB;17;
SONIA MARIA DA SILVA;MDB;11;
MANOEL ELIAS DE MELO CALHEIROS;MDB;9;
ADEILSON DE ARAUJO VIEIRA;MDB;16;
CLEIDE JANE DOS SANTOS;MDB;3;
JOSÉ RENATO DOS SANTOS;MDB;9;
DJALMA DA ROSA CALHEIROS;MDB;14;
GIBSON BUARQUE DE MELO;MDB;19;
MANOEL CARLOS RODRIGUES CALHEIROS;MDB;5;
SONIA MARIA DA SILVA;MDB;8;
MANOEL ELIAS DE MELO CALHEIROS;MDB;14;
ADEILSON DE ARAUJO VIEIRA;MDB;19;
JOSÉ RENATO DOS SANTOS;MDB;5;
ARNALDO BENTO DA SILVA FILHO;PTB;1;
GERALDO DOS SANTOS;PTB;7;
JOSÉ CARLOS SILVA MONTEIRO;PTB;3;
ROZILENE RODRIGUES GOMES ALBUQUERQUE;PTB;1;
CLOVIS MARQUES DOS SANTOS;PTB;2;
JULIANA MATIAS DOS SANTOS;PTB;1;
INALDO GONÇALVES DA SILVA;PTB;3;
ISAEL RIBEIRO DOS SANTOS;PTB;11;
ADEMIR SAMPAIO DE OLIVEIRA;PTB;3;
LEVI JOSÉ DA SILVA;PTB;1;
LOURIVAL DOS SANTOS LIMA;PTB;1;
DAIANA SILVA DE SOUSA;PTB;6;
PRISCILA FERNANDES GOMES;PTB;5;
SUYANNE VALERIO DE LIMA;PTB;3;
EVERALDO FERREIRA DE LIMA;PTB;1;
ARY CLEYTON DE CARVALHO REGO;MDB;9;
PRISCILA FERNANDES GOMES;PTB;6;
SUYANNE VALERIO DE LIMA;PTB;3;
EVERALDO FERREIRA DE LIMA;PTB;1;
ARY CLEYTON DE CARVALHO REGO;MDB;22;
MANOEL LUIS SANTOS DA SILVA;MDB;12;
ROSIETE DE ARAUJO SILVA;MDB;1;
EGUIMAR FERREIRA DA SILVA;MDB;15;
MARIA DE FATIMA DE ARAUJO FREITAS;MDB;1;
MARIA ALESSANDRA PANTALEÃO DOS SANTOS;MDB;10;
WILLIAM BIZERRA DOS SANTOS;MDB;24;
GIBSON BUARQUE DE MELO;MDB;9;
MANOEL CARLOS RODRIGUES CALHEIROS;MDB;20;
SONIA MARIA DA SILVA;MDB;13;
MANOEL ELIAS DE MELO CALHEIROS;MDB;9;
ADEILSON DE ARAUJO VIEIRA;MDB;16;
CLEIDE JANE DOS SANTOS;MDB;2;
GERALDO DOS SANTOS;PTB;17;
JOSÉ CARLOS SILVA MONTEIRO;PTB;2;
ROZILENE RODRIGUES GOMES ALBUQUERQUE;PTB;4;
ELIAS LEANDRO DA SILVA;PSDB;2;
FABIANA DE OLIVEIRA SILVA;PSDB;3;
JOSÉ CICERO DE OLIVEIRA;PSDB;2;
ROSA MARIA DA SILVA SANTOS;PSDB;1;
LUIZ EDUARDO MARQUES DA SILVA;PSDB;1;
VOTO BRANCO;branco;4;
WELLINGTON DOS SANTOS;PTB;2;
INALDO GONÇALVES DA SILVA;PTB;3;
VOTO BRANCO;branco;5;
VOTO NULO;NULO;6;
MARCOS JOSE HERCULANO DA SILVA;PTB;126;
ADELMO ZEFERINO DE SOUZA JUNIOR;MDB;133;
THOMAS HENRIQUE PEIXOTO LEITE;PSDB;20;
VOTO BRANCO;branco;4;
MARIA DE FATIMA DE ARAUJO FREITAS;MDB;4;
MARIA ALESSANDRA PANTALEÃO DOS SANTOS;MDB;10;
WILLIAM BIZERRA DOS SANTOS;MDB;17;
GIBSON BUARQUE DE MELO;MDB;13;
MANOEL CARLOS RODRIGUES CALHEIROS;MDB;22;
SONIA MARIA DA SILVA;MDB;17;
MANOEL ELIAS DE MELO CALHEIROS;MDB;12;
ADEILSON DE ARAUJO VIEIRA;MDB;17;
CLEIDE JANE DOS SANTOS;MDB;6;
JOSÉ RENATO DOS SANTOS;MDB;11;
DJALMA DA ROSA CALHEIROS;MDB;10;
JOSÉ WILLIAMS ALMEIDA DOS SANTOS;MDB;3;
LEANDRO JOÃO DA SILVA;PSDB;2;
ADEVAN DE LIMA SILVA;PSDB;2;
THAYSE FERNANDA SOUSA BARROS LEITE;PSDB;7;
ALEXSANDRO DE LIMA;PSDB;8;
FABIANA DE OLIVEIRA SILVA;PSDB;1;
JOSÉ CICERO DE OLIVEIRA;PSDB;5;
ELIAS LEANDRO DA SILVA;PSDB;1;
MICHELLE MARIA DOS SANTOS;PSDB;2;
LUIZ EDUARDO MARQUES DA SILVA;PSDB;1;
VOTO NULO;NULO;8;
ISAEL RIBEIRO DOS SANTOS;PTB;13;
ADEMIR SAMPAIO DE OLIVEIRA;PTB;1;
LEVI JOSÉ DA SILVA;PTB;3;
LOURIVAL DOS SANTOS LIMA;PTB;2;
DAIANA SILVA DE SOUSA;PTB;5;
PRISCILA FERNANDES GOMES;PTB;5;
SUYANNE VALERIO DE LIMA;PTB;4;
ARY CLEYTON DE CARVALHO REGO;MDB;16;
MANOEL LUIS SANTOS DA SILVA;MDB;13;
EGUIMAR FERREIRA DA SILVA;MDB;14;
GERALDO DOS SANTOS;PTB;9;
JOSÉ CARLOS SILVA MONTEIRO;PTB;1;
ROZILENE RODRIGUES GOMES ALBUQUERQUE;PTB;1;
ARNALDO BENTO DA SILVA FILHO;PTB;1;
GERALDO DOS SANTOS;PTB;13;
JOSÉ CARLOS SILVA MONTEIRO;PTB;3;
ROZILENE RODRIGUES GOMES ALBUQUERQUE;PTB;4;
WELLINGTON DOS SANTOS;PTB;5;
INALDO GONÇALVES DA SILVA;PTB;5;
VOTO NULO;NULO;11;
DAIANA SILVA DE SOUSA;PTB;7;
LUIZ EDUARDO MARQUES DA SILVA;PSDB;1;
VOTO BRANCO;branco;1;
MARCOS JOSE HERCULANO DA SILVA;PTB;150;
ADELMO ZEFERINO DE SOUZA JUNIOR;MDB;132;
THOMAS HENRIQUE PEIXOTO LEITE;PSDB;31;
VOTO BRANCO;branco;2;
VOTO NULO;NULO;14;
ARNALDO BENTO DA SILVA FILHO;PTB;1;
GERALDO DOS SANTOS;PTB;22;
ROZILENE RODRIGUES GOMES ALBUQUERQUE;PTB;1;
MARIA JOSÉ DE AZEVEDO BISPO;PTB;1;
PRISCILA FERNANDES GOMES;PTB;5;
SUYANNE VALERIO DE LIMA;PTB;2;
EVERALDO FERREIRA DE LIMA;PTB;1;
ARY CLEYTON DE CARVALHO REGO;MDB;18;
MANOEL LUIS SANTOS DA SILVA;MDB;21;
ROSIETE DE ARAUJO SILVA;MDB;1;
EGUIMAR FERREIRA DA SILVA;MDB;19;
MARIA DE FATIMA DE ARAUJO FREITAS;MDB;2;
JOSÉ CARLOS SILVA MONTEIRO;PTB;3;
VOTO NULO;NULO;12;
INALDO GONÇALVES DA SILVA;PTB;5;
ARNALDO BENTO DA SILVA FILHO;PTB;2;
GERALDO DOS SANTOS;PTB;18;
ISAEL RIBEIRO DOS SANTOS;PTB;11;
LOURIVAL DOS SANTOS LIMA;PTB;2;
DAIANA SILVA DE SOUSA;PTB;11;
PRISCILA FERNANDES GOMES;PTB;14;
SUYANNE VALERIO DE LIMA;PTB;1;
EVERALDO FERREIRA DE LIMA;PTB;2;
ARY CLEYTON DE CARVALHO REGO;MDB;15;
MANOEL LUIS SANTOS DA SILVA;MDB;15;
EGUIMAR FERREIRA DA SILVA;MDB;24;
MARIA DE FATIMA DE ARAUJO FREITAS;MDB;2;
MARIA ALESSANDRA PANTALEÃO DOS SANTOS;MDB;10;
WILLIAM BIZERRA DOS SANTOS;MDB;9;
SIDIANE MARIA LIMA DA SILVA;MDB;3;
GIBSON BUARQUE DE MELO;MDB;19;
MANOEL CARLOS RODRIGUES CALHEIROS;MDB;10;
SONIA MARIA DA SILVA;MDB;24;
MANOEL ELIAS DE MELO CALHEIROS;MDB;9;
ADEILSON DE ARAUJO VIEIRA;MDB;17;
CLEIDE JANE DOS SANTOS;MDB;1;
JOSÉ RENATO DOS SANTOS;MDB;8;
DJALMA DA ROSA CALHEIROS;MDB;14;
JOSÉ WILLIAMS ALMEIDA DOS SANTOS;MDB;6;
LEANDRO JOÃO DA SILVA;PSDB;3;
ADEVAN DE LIMA SILVA;PSDB;1;
ARNALDO DA SILVA LIMA;PSDB;4;
SUYANNE VALERIO DE LIMA;PTB;3;
LOURIVAL DOS SANTOS LIMA;PTB;2;
DAIANA SILVA DE SOUSA;PTB;12;
PRISCILA FERNANDES GOMES;PTB;6;
EVERALDO FERREIRA DE LIMA;PTB;1;
ARY CLEYTON DE CARVALHO REGO;MDB;16;
MANOEL LUIS SANTOS DA SILVA;MDB;24;
ROSIETE DE ARAUJO SILVA;MDB;3;
EGUIMAR FERREIRA DA SILVA;MDB;18;
MARIA DE FATIMA DE ARAUJO FREITAS;MDB;4;
MARIA ALESSANDRA PANTALEÃO DOS SANTOS;MDB;4;
WILLIAM BIZERRA DOS SANTOS;MDB;20;
SIDIANE MARIA LIMA DA SILVA;MDB;1;
GIBSON BUARQUE DE MELO;MDB;18;
MANOEL CARLOS RODRIGUES CALHEIROS;MDB;16;
SONIA MARIA DA SILVA;MDB;9;
MANOEL ELIAS DE MELO CALHEIROS;MDB;12;
ADEILSON DE ARAUJO VIEIRA;MDB;25;
ARNALDO BENTO DA SILVA FILHO;PTB;1;
CLEIDE JANE DOS SANTOS;MDB;1;
JOSÉ RENATO DOS SANTOS;MDB;9;
DJALMA DA ROSA CALHEIROS;MDB;9;
JOSÉ WILLIAMS ALMEIDA DOS SANTOS;MDB;1;
LEANDRO JOÃO DA SILVA;PSDB;5;
ADEVAN DE LIMA SILVA;PSDB;1;
ARNALDO DA SILVA LIMA;PSDB;3;
THAYSE FERNANDA SOUSA BARROS LEITE;PSDB;18;
ALEXSANDRO DE LIMA;PSDB;6;
FABIANA DE OLIVEIRA SILVA;PSDB;1;
JOSÉ CICERO DE OLIVEIRA;PSDB;8;
ELIAS LEANDRO DA SILVA;PSDB;1;
MICHELLE MARIA DOS SANTOS;PSDB;1;
LUIZ EDUARDO MARQUES DA SILVA;PSDB;2;
VOTO BRANCO;branco;3;
VOTO NULO;NULO;12;
MARCOS JOSE HERCULANO DA SILVA;PTB;138;
ADELMO ZEFERINO DE SOUZA JUNIOR;MDB;150;
THOMAS HENRIQUE PEIXOTO LEITE;PSDB;29;
VOTO BRANCO;branco;3;
VOTO NULO;NULO;12;
ARNALDO BENTO DA SILVA FILHO;PTB;1;
VOTO NULO;NULO;13;
JOSÉ CARLOS SILVA MONTEIRO;PTB;3;
ROZILENE RODRIGUES GOMES ALBUQUERQUE;PTB;3;
MARIA JOSÉ DE AZEVEDO BISPO;PTB;1;
CLOVIS MARQUES DOS SANTOS;PTB;1;
WELLINGTON DOS SANTOS;PTB;1;
INALDO GONÇALVES DA SILVA;PTB;2;
ISAEL RIBEIRO DOS SANTOS;PTB;9;
DAIANA SILVA DE SOUSA;PTB;4;
PRISCILA FERNANDES GOMES;PTB;5;
MANOEL LUIS SANTOS DA SILVA;MDB;15;
SUYANNE VALERIO DE LIMA;PTB;3;
EVERALDO FERREIRA DE LIMA;PTB;1;
ARY CLEYTON DE CARVALHO REGO;MDB;16;
ROSIETE DE ARAUJO SILVA;MDB;1;
EGUIMAR FERREIRA DA SILVA;MDB;42;
MARIA DE FATIMA DE ARAUJO FREITAS;MDB;3;
MARIA ALESSANDRA PANTALEÃO DOS SANTOS;MDB;1;
WILLIAM BIZERRA DOS SANTOS;MDB;9;
GIBSON BUARQUE DE MELO;MDB;19;
MANOEL CARLOS RODRIGUES CALHEIROS;MDB;14;
SONIA MARIA DA SILVA;MDB;25;
MANOEL ELIAS DE MELO CALHEIROS;MDB;13;
ADEILSON DE ARAUJO VIEIRA;MDB;30;
CLEIDE JANE DOS SANTOS;MDB;1;
JOSÉ RENATO DOS SANTOS;MDB;11;
DJALMA DA ROSA CALHEIROS;MDB;10;
JOSÉ WILLIAMS ALMEIDA DOS SANTOS;MDB;4;
LEANDRO JOÃO DA SILVA;PSDB;2;
ADEVAN DE LIMA SILVA;PSDB;1;
ARNALDO DA SILVA LIMA;PSDB;1;
THAYSE FERNANDA SOUSA BARROS LEITE;PSDB;9;
ALEXSANDRO DE LIMA;PSDB;16;
JOSÉ CICERO DE OLIVEIRA;PSDB;2;
ELIAS LEANDRO DA SILVA;PSDB;1;
GENALDO CRISTOVÃO DOS SANTOS;PSDB;2;
LUIZ EDUARDO MARQUES DA SILVA;PSDB;1;
VOTO BRANCO;branco;3;
VOTO NULO;NULO;14;
MARCOS JOSE HERCULANO DA SILVA;PTB;128;
ADELMO ZEFERINO DE SOUZA JUNIOR;MDB;160;
THOMAS HENRIQUE PEIXOTO LEITE;PSDB;17;
VOTO BRANCO;branco;4;
GERALDO DOS SANTOS;PTB;11;
ARNALDO DA SILVA LIMA;PSDB;2;
THAYSE FERNANDA SOUSA BARROS LEITE;PSDB;11;
ALEXSANDRO DE LIMA;PSDB;10;
FABIANA DE OLIVEIRA SILVA;PSDB;1;
JOSÉ CICERO DE OLIVEIRA;PSDB;2;
ELIAS LEANDRO DA SILVA;PSDB;3;
GENALDO CRISTOVÃO DOS SANTOS;PSDB;1;
LUIZ EDUARDO MARQUES DA SILVA;PSDB;1;
VOTO BRANCO;branco;6;
EVERALDO FERREIRA DE LIMA;PTB;2;
ARY CLEYTON DE CARVALHO REGO;MDB;15;
MANOEL LUIS SANTOS DA SILVA;MDB;10;
ROSIETE DE ARAUJO SILVA;MDB;1;
EGUIMAR FERREIRA DA SILVA;MDB;32;
MARIA DE FATIMA DE ARAUJO FREITAS;MDB;4;
MARIA ALESSANDRA PANTALEÃO DOS SANTOS;MDB;5;
WILLIAM BIZERRA DOS SANTOS;MDB;14;
SIDIANE MARIA LIMA DA SILVA;MDB;1;
GIBSON BUARQUE DE MELO;MDB;14;
GERALDO DOS SANTOS;PTB;8;
VOTO BRANCO;branco;4;
VOTO NULO;NULO;10;
ARNALDO BENTO DA SILVA FILHO;PTB;1;
JOSÉ CARLOS SILVA MONTEIRO;PTB;2;
ROZILENE RODRIGUES GOMES ALBUQUERQUE;PTB;3;
WELLINGTON DOS SANTOS;PTB;1;
INALDO GONÇALVES DA SILVA;PTB;3;
ISAEL RIBEIRO DOS SANTOS;PTB;11;
ADEMIR SAMPAIO DE OLIVEIRA;PTB;1;
LEVI JOSÉ DA SILVA;PTB;3;
LOURIVAL DOS SANTOS LIMA;PTB;2;
DAIANA SILVA DE SOUSA;PTB;8;
PRISCILA FERNANDES GOMES;PTB;7;
SUYANNE VALERIO DE LIMA;PTB;1;
ARY CLEYTON DE CARVALHO REGO;MDB;11;
DJALMA DA ROSA CALHEIROS;MDB;11;
VOTO NULO;NULO;13;
MARIA DE FATIMA DE ARAUJO FREITAS;MDB;1;
MARIA ALESSANDRA PANTALEÃO DOS SANTOS;MDB;8;
WILLIAM BIZERRA DOS SANTOS;MDB;13;
SIDIANE MARIA LIMA DA SILVA;MDB;3;
JOSÉ WILLIAMS ALMEIDA DOS SANTOS;MDB;16;
ARNALDO BENTO DA SILVA FILHO;PTB;1;
GERALDO DOS SANTOS;PTB;11;
JOSÉ CARLOS SILVA MONTEIRO;PTB;3;
ROZILENE RODRIGUES GOMES ALBUQUERQUE;PTB;3;
WELLINGTON DOS SANTOS;PTB;2;
INALDO GONÇALVES DA SILVA;PTB;2;
ISAEL RIBEIRO DOS SANTOS;PTB;16;
ADEMIR SAMPAIO DE OLIVEIRA;PTB;1;
LEVI JOSÉ DA SILVA;PTB;1;
GIBSON BUARQUE DE MELO;MDB;18;
MANOEL CARLOS RODRIGUES CALHEIROS;MDB;21;
SONIA MARIA DA SILVA;MDB;11;
MANOEL ELIAS DE MELO CALHEIROS;MDB;10;
ADEILSON DE ARAUJO VIEIRA;MDB;16;
CLEIDE JANE DOS SANTOS;MDB;3;
JOSÉ RENATO DOS SANTOS;MDB;14;
DJALMA DA ROSA CALHEIROS;MDB;14;
LOURIVAL DOS SANTOS LIMA;PTB;2;
DAIANA SILVA DE SOUSA;PTB;6;
PRISCILA FERNANDES GOMES;PTB;3;
EVERALDO FERREIRA DE LIMA;PTB;1;
ARY CLEYTON DE CARVALHO REGO;MDB;12;
MANOEL LUIS SANTOS DA SILVA;MDB;12;
EGUIMAR FERREIRA DA SILVA;MDB;37;
THAYSE FERNANDA SOUSA BARROS LEITE;PSDB;5;
ALEXSANDRO DE LIMA;PSDB;14;
JOSÉ CICERO DE OLIVEIRA;PSDB;1;
GENALDO CRISTOVÃO DOS SANTOS;PSDB;3;
VOTO BRANCO;branco;3;
VOTO NULO;NULO;16;
SONIA MARIA DA SILVA;MDB;19;
SIDIANE MARIA LIMA DA SILVA;MDB;1;
GIBSON BUARQUE DE MELO;MDB;17;
MANOEL CARLOS RODRIGUES CALHEIROS;MDB;8;
MANOEL ELIAS DE MELO CALHEIROS;MDB;15;
ADEILSON DE ARAUJO VIEIRA;MDB;20;
CLEIDE JANE DOS SANTOS;MDB;4;
JOSÉ RENATO DOS SANTOS;MDB;10;
DJALMA DA ROSA CALHEIROS;MDB;22;
JOSÉ WILLIAMS ALMEIDA DOS SANTOS;MDB;3;
LEANDRO JOÃO DA SILVA;PSDB;3;
ADEVAN DE LIMA SILVA;PSDB;1;
ARNALDO DA SILVA LIMA;PSDB;2;
THAYSE FERNANDA SOUSA BARROS LEITE;PSDB;12;
VOTO BRANCO;branco;6;
VOTO NULO;NULO;13;
MARCOS JOSE HERCULANO DA SILVA;PTB;140;
ADELMO ZEFERINO DE SOUZA JUNIOR;MDB;139;
THOMAS HENRIQUE PEIXOTO LEITE;PSDB;26;
VOTO BRANCO;branco;5;
VOTO NULO;NULO;8;
JOSÉ CICERO DE OLIVEIRA;PSDB;1;
LUIZ EDUARDO MARQUES DA SILVA;PSDB;1;
FABIANA DE OLIVEIRA SILVA;PSDB;1;
ALEXSANDRO DE LIMA;PSDB;12;
ARNALDO BENTO DA SILVA FILHO;PTB;3;
GERALDO DOS SANTOS;PTB;18;
JOSÉ CARLOS SILVA MONTEIRO;PTB;1;
ROZILENE RODRIGUES GOMES ALBUQUERQUE;PTB;3;
MARIA JOSÉ DE AZEVEDO BISPO;PTB;1;
WELLINGTON DOS SANTOS;PTB;1;
INALDO GONÇALVES DA SILVA;PTB;1;
ISAEL RIBEIRO DOS SANTOS;PTB;5;
PRISCILA FERNANDES GOMES;PTB;6;
ARY CLEYTON DE CARVALHO REGO;MDB;18;
MANOEL LUIS SANTOS DA SILVA;MDB;13;
ROSIETE DE ARAUJO SILVA;MDB;1;
EGUIMAR FERREIRA DA SILVA;MDB;21;
MARIA DE FATIMA DE ARAUJO FREITAS;MDB;7;
MARIA ALESSANDRA PANTALEÃO DOS SANTOS;MDB;10;
LEVI JOSÉ DA SILVA;PTB;4;
ARNALDO DA SILVA LIMA;PSDB;4;
THAYSE FERNANDA SOUSA BARROS LEITE;PSDB;13;
ALEXSANDRO DE LIMA;PSDB;5;
JOSÉ CICERO DE OLIVEIRA;PSDB;4;
ELIAS LEANDRO DA SILVA;PSDB;3;
GENALDO CRISTOVÃO DOS SANTOS;PSDB;1;
LUIZ EDUARDO MARQUES DA SILVA;PSDB;1;
VOTO BRANCO;branco;9;
VOTO NULO;NULO;12;
DAIANA SILVA DE SOUSA;PTB;10;
LEANDRO JOÃO DA SILVA;PSDB;2;
JOSÉ RENATO DOS SANTOS;MDB;16;
DJALMA DA ROSA CALHEIROS;MDB;13;
JOSÉ WILLIAMS ALMEIDA DOS SANTOS;MDB;4;
ADEVAN DE LIMA SILVA;PSDB;3;
ARNALDO DA SILVA LIMA;PSDB;2;
THAYSE FERNANDA SOUSA BARROS LEITE;PSDB;7;
ALEXSANDRO DE LIMA;PSDB;4;
JOSÉ CICERO DE OLIVEIRA;PSDB;8;
THOMAS HENRIQUE PEIXOTO LEITE;PSDB;24;
VOTO BRANCO;branco;8;
VOTO NULO;NULO;11;
ELIAS LEANDRO DA SILVA;PSDB;2;
GENALDO CRISTOVÃO DOS SANTOS;PSDB;2;
LUIZ EDUARDO MARQUES DA SILVA;PSDB;1;
VOTO BRANCO;branco;3;
JOSÉ CARLOS SILVA MONTEIRO;PTB;1;
ROZILENE RODRIGUES GOMES ALBUQUERQUE;PTB;4;
CLOVIS MARQUES DOS SANTOS;PTB;1;
WELLINGTON DOS SANTOS;PTB;1;
GERALDO DOS SANTOS;PTB;19;
EVERALDO FERREIRA DE LIMA;PTB;2;
VOTO NULO;NULO;5;
MANOEL LUIS SANTOS DA SILVA;MDB;12;
ROSIETE DE ARAUJO SILVA;MDB;1;
EGUIMAR FERREIRA DA SILVA;MDB;22;
MARIA DE FATIMA DE ARAUJO FREITAS;MDB;3;
WILLIAM BIZERRA DOS SANTOS;MDB;21;
GIBSON BUARQUE DE MELO;MDB;21;
MANOEL CARLOS RODRIGUES CALHEIROS;MDB;8;
SONIA MARIA DA SILVA;MDB;11;
MANOEL ELIAS DE MELO CALHEIROS;MDB;7;
ADEILSON DE ARAUJO VIEIRA;MDB;14;
ARNALDO BENTO DA SILVA FILHO;PTB;1;
GERALDO DOS SANTOS;PTB;12;
ROZILENE RODRIGUES GOMES ALBUQUERQUE;PTB;3;
WELLINGTON DOS SANTOS;PTB;2;
INALDO GONÇALVES DA SILVA;PTB;2;
ISAEL RIBEIRO DOS SANTOS;PTB;9;
ADEMIR SAMPAIO DE OLIVEIRA;PTB;2;
LEVI JOSÉ DA SILVA;PTB;2;
LOURIVAL DOS SANTOS LIMA;PTB;2;
DAIANA SILVA DE SOUSA;PTB;7;
PRISCILA FERNANDES GOMES;PTB;2;
SUYANNE VALERIO DE LIMA;PTB;1;
CLEIDE JANE DOS SANTOS;MDB;4;
JOSÉ RENATO DOS SANTOS;MDB;8;
DJALMA DA ROSA CALHEIROS;MDB;11;
JOSÉ WILLIAMS ALMEIDA DOS SANTOS;MDB;5;
ADEVAN DE LIMA SILVA;PSDB;3;
ARNALDO DA SILVA LIMA;PSDB;1;
THAYSE FERNANDA SOUSA BARROS LEITE;PSDB;7;
ALEXSANDRO DE LIMA;PSDB;7;
MARIA AUZENI DA SILVA;PSDB;1;
ROSA MARIA DA SILVA SANTOS;PSDB;1;
ALEXSANDRO DE LIMA;PSDB;6;
MARIA AUZENI DA SILVA;PSDB;1;
JOSÉ CICERO DE OLIVEIRA;PSDB;7;
GENALDO CRISTOVÃO DOS SANTOS;PSDB;1;
VOTO BRANCO;branco;5;
VOTO NULO;NULO;13;
MARCOS JOSE HERCULANO DA SILVA;PTB;153;
ADELMO ZEFERINO DE SOUZA JUNIOR;MDB;120;
THOMAS HENRIQUE PEIXOTO LEITE;PSDB;26;
VOTO BRANCO;branco;6;
VOTO NULO;NULO;16;
VOTO NULO;NULO;4;
VOTO BRANCO;branco;8;
ALEXSANDRO DE LIMA;PSDB;4;
JOSÉ CICERO DE OLIVEIRA;PSDB;5;
ROSA MARIA DA SILVA SANTOS;PSDB;1;
ARNALDO BENTO DA SILVA FILHO;PTB;2;
GERALDO DOS SANTOS;PTB;12;
ROZILENE RODRIGUES GOMES ALBUQUERQUE;PTB;2;
JULIANA MATIAS DOS SANTOS;PTB;1;
INALDO GONÇALVES DA SILVA;PTB;3;
ISAEL RIBEIRO DOS SANTOS;PTB;7;
LEVI JOSÉ DA SILVA;PTB;3;
LOURIVAL DOS SANTOS LIMA;PTB;6;
DAIANA SILVA DE SOUSA;PTB;10;
PRISCILA FERNANDES GOMES;PTB;10;
SUYANNE VALERIO DE LIMA;PTB;2;
ARY CLEYTON DE CARVALHO REGO;MDB;11;
MANOEL LUIS SANTOS DA SILVA;MDB;18;
EGUIMAR FERREIRA DA SILVA;MDB;24;
MARIA DE FATIMA DE ARAUJO FREITAS;MDB;1;
MARIA ALESSANDRA PANTALEÃO DOS SANTOS;MDB;2;
WILLIAM BIZERRA DOS SANTOS;MDB;9;
SIDIANE MARIA LIMA DA SILVA;MDB;3;
GIBSON BUARQUE DE MELO;MDB;21;
MANOEL CARLOS RODRIGUES CALHEIROS;MDB;15;
SONIA MARIA DA SILVA;MDB;18;
MANOEL ELIAS DE MELO CALHEIROS;MDB;10;
ADEILSON DE ARAUJO VIEIRA;MDB;22;
CLEIDE JANE DOS SANTOS;MDB;4;
JOSÉ RENATO DOS SANTOS;MDB;12;
DJALMA DA ROSA CALHEIROS;MDB;21;
LEANDRO JOÃO DA SILVA;PSDB;5;
ADEVAN DE LIMA SILVA;PSDB;2;
ARNALDO DA SILVA LIMA;PSDB;1;
ELIAS LEANDRO DA SILVA;PSDB;2;
LUIZ EDUARDO MARQUES DA SILVA;PSDB;2;
VOTO BRANCO;branco;4;
VOTO NULO;NULO;9;
MARCOS JOSE HERCULANO DA SILVA;PTB;133;
DJALMA DA ROSA CALHEIROS;MDB;13;
MANOEL LUIS SANTOS DA SILVA;MDB;14;
ROSIETE DE ARAUJO SILVA;MDB;2;
EGUIMAR FERREIRA DA SILVA;MDB;38;
JOSÉ WILLIAMS ALMEIDA DOS SANTOS;MDB;17;
LEANDRO JOÃO DA SILVA;PSDB;2;
THAYSE FERNANDA SOUSA BARROS LEITE;PSDB;7;
ALEXSANDRO DE LIMA;PSDB;20;
JOSÉ CICERO DE OLIVEIRA;PSDB;6;
ELIAS LEANDRO DA SILVA;PSDB;2;
GENALDO CRISTOVÃO DOS SANTOS;PSDB;1;
VOTO BRANCO;branco;4;
VOTO NULO;NULO;8;
MARCOS JOSE HERCULANO DA SILVA;PTB;140;
ADELMO ZEFERINO DE SOUZA JUNIOR;MDB;136;
THOMAS HENRIQUE PEIXOTO LEITE;PSDB;17;
VOTO BRANCO;branco;1;
VOTO NULO;NULO;8;
MARIA DE FATIMA DE ARAUJO FREITAS;MDB;3;
MARIA ALESSANDRA PANTALEÃO DOS SANTOS;MDB;2;
WILLIAM BIZERRA DOS SANTOS;MDB;9;
SIDIANE MARIA LIMA DA SILVA;MDB;2;
VOTO BRANCO;branco;8;
THOMAS HENRIQUE PEIXOTO LEITE;PSDB;23;
ARY CLEYTON DE CARVALHO REGO;MDB;7;
MANOEL LUIS SANTOS DA SILVA;MDB;11;
EGUIMAR FERREIRA DA SILVA;MDB;13;
MARIA DE FATIMA DE ARAUJO FREITAS;MDB;3;
MARIA ALESSANDRA PANTALEÃO DOS SANTOS;MDB;16;
WILLIAM BIZERRA DOS SANTOS;MDB;17;
SIDIANE MARIA LIMA DA SILVA;MDB;2;
GIBSON BUARQUE DE MELO;MDB;11;
MANOEL CARLOS RODRIGUES CALHEIROS;MDB;12;
SONIA MARIA DA SILVA;MDB;6;
MANOEL ELIAS DE MELO CALHEIROS;MDB;16;
ADEILSON DE ARAUJO VIEIRA;MDB;16;
CLEIDE JANE DOS SANTOS;MDB;1;
JOSÉ RENATO DOS SANTOS;MDB;14;
ARNALDO BENTO DA SILVA FILHO;PTB;1;
GERALDO DOS SANTOS;PTB;14;
JOSÉ CARLOS SILVA MONTEIRO;PTB;1;
INALDO GONÇALVES DA SILVA;PTB;6;
ISAEL RIBEIRO DOS SANTOS;PTB;3;
ADEMIR SAMPAIO DE OLIVEIRA;PTB;1;
LEVI JOSÉ DA SILVA;PTB;1;
LOURIVAL DOS SANTOS LIMA;PTB;3;
DAIANA SILVA DE SOUSA;PTB;11;
PRISCILA FERNANDES GOMES;PTB;4;
SUYANNE VALERIO DE LIMA;PTB;1;
EVERALDO FERREIRA DE LIMA;PTB;1;
DJALMA DA ROSA CALHEIROS;MDB;14;
JOSÉ WILLIAMS ALMEIDA DOS SANTOS;MDB;1;
LEANDRO JOÃO DA SILVA;PSDB;2;
ADEVAN DE LIMA SILVA;PSDB;2;
LEVI JOSÉ DA SILVA;PTB;1;
WELLINGTON DOS SANTOS;PTB;1;
INALDO GONÇALVES DA SILVA;PTB;7;
ISAEL RIBEIRO DOS SANTOS;PTB;8;
LOURIVAL DOS SANTOS LIMA;PTB;1;
DAIANA SILVA DE SOUSA;PTB;5;
ADEVAN DE LIMA SILVA;PSDB;3;
LEANDRO JOÃO DA SILVA;PSDB;2;
THAYSE FERNANDA SOUSA BARROS LEITE;PSDB;13;
ALEXSANDRO DE LIMA;PSDB;4;
FABIANA DE OLIVEIRA SILVA;PSDB;1;
JOSÉ CICERO DE OLIVEIRA;PSDB;7;
ELIAS LEANDRO DA SILVA;PSDB;3;
MICHELLE MARIA DOS SANTOS;PSDB;1;
LUIZ EDUARDO MARQUES DA SILVA;PSDB;2;
VOTO BRANCO;branco;3;
VOTO NULO;NULO;15;
MARCOS JOSE HERCULANO DA SILVA;PTB;146;
ADELMO ZEFERINO DE SOUZA JUNIOR;MDB;120;
THOMAS HENRIQUE PEIXOTO LEITE;PSDB;29;
VOTO BRANCO;branco;3;
VOTO NULO;NULO;10;
JOSÉ RENATO DOS SANTOS;MDB;11;
DJALMA DA ROSA CALHEIROS;MDB;16;
ARNALDO DA SILVA LIMA;PSDB;1;
JOSÉ WILLIAMS ALMEIDA DOS SANTOS;MDB;3;
WILLIAM BIZERRA DOS SANTOS;MDB;11;
GIBSON BUARQUE DE MELO;MDB;19;
MANOEL CARLOS RODRIGUES CALHEIROS;MDB;12;
SONIA MARIA DA SILVA;MDB;19;
MANOEL ELIAS DE MELO CALHEIROS;MDB;11;
ADEILSON DE ARAUJO VIEIRA;MDB;20;
CLEIDE JANE DOS SANTOS;MDB;1;
JOSÉ RENATO DOS SANTOS;MDB;11;
DJALMA DA ROSA CALHEIROS;MDB;17;
JOSÉ WILLIAMS ALMEIDA DOS SANTOS;MDB;4;
LEANDRO JOÃO DA SILVA;PSDB;4;
ADEVAN DE LIMA SILVA;PSDB;3;
ARNALDO DA SILVA LIMA;PSDB;1;
THAYSE FERNANDA SOUSA BARROS LEITE;PSDB;7;
ALEXSANDRO DE LIMA;PSDB;8;
JOSÉ CICERO DE OLIVEIRA;PSDB;4;
ADELMO ZEFERINO DE SOUZA JUNIOR;MDB;139;
THOMAS HENRIQUE PEIXOTO LEITE;PSDB;18;
VOTO BRANCO;branco;2;
VOTO NULO;NULO;8;
ELIAS LEANDRO DA SILVA;PSDB;3;
GENALDO CRISTOVÃO DOS SANTOS;PSDB;1;
LUIZ EDUARDO MARQUES DA SILVA;PSDB;2;
VOTO BRANCO;branco;6;
VOTO NULO;NULO;9;
MARCOS JOSE HERCULANO DA SILVA;PTB;141;
MANOEL LUIS SANTOS DA SILVA;MDB;7;
EGUIMAR FERREIRA DA SILVA;MDB;19;
MARIA DE FATIMA DE ARAUJO FREITAS;MDB;3;
LOURIVAL DOS SANTOS LIMA;PTB;1;
ISAEL RIBEIRO DOS SANTOS;PTB;8;
ADEMIR SAMPAIO DE OLIVEIRA;PTB;2;
LEVI JOSÉ DA SILVA;PTB;4;
DAIANA SILVA DE SOUSA;PTB;2;
PRISCILA FERNANDES GOMES;PTB;10;
SUYANNE VALERIO DE LIMA;PTB;2;
EVERALDO FERREIRA DE LIMA;PTB;1;
ARY CLEYTON DE CARVALHO REGO;MDB;17;
MANOEL LUIS SANTOS DA SILVA;MDB;10;
EGUIMAR FERREIRA DA SILVA;MDB;14;
MARIA DE FATIMA DE ARAUJO FREITAS;MDB;5;
MARIA ALESSANDRA PANTALEÃO DOS SANTOS;MDB;13;
WILLIAM BIZERRA DOS SANTOS;MDB;21;
SIDIANE MARIA LIMA DA SILVA;MDB;1;
GIBSON BUARQUE DE MELO;MDB;18;
MANOEL CARLOS RODRIGUES CALHEIROS;MDB;12;
SONIA MARIA DA SILVA;MDB;15;
MANOEL ELIAS DE MELO CALHEIROS;MDB;16;
ADEILSON DE ARAUJO VIEIRA;MDB;16;
CLEIDE JANE DOS SANTOS;MDB;6;
JOSÉ RENATO DOS SANTOS;MDB;13;
DJALMA DA ROSA CALHEIROS;MDB;8;
JOSÉ WILLIAMS ALMEIDA DOS SANTOS;MDB;2;
LEANDRO JOÃO DA SILVA;PSDB;1;
ADEVAN DE LIMA SILVA;PSDB;1;
THAYSE FERNANDA SOUSA BARROS LEITE;PSDB;14;
ALEXSANDRO DE LIMA;PSDB;11;
JOSÉ CICERO DE OLIVEIRA;PSDB;1;
ROSA MARIA DA SILVA SANTOS;PSDB;1;
ELIAS LEANDRO DA SILVA;PSDB;2;
GENALDO CRISTOVÃO DOS SANTOS;PSDB;1;
MICHELLE MARIA DOS SANTOS;PSDB;1;
LUIZ EDUARDO MARQUES DA SILVA;PSDB;2;
VOTO BRANCO;branco;4;
VOTO NULO;NULO;11;
MARCOS JOSE HERCULANO DA SILVA;PTB;148;
ADELMO ZEFERINO DE SOUZA JUNIOR;MDB;127;
THOMAS HENRIQUE PEIXOTO LEITE;PSDB;23;
VOTO BRANCO;branco;3;
VOTO NULO;NULO;11;
JOSÉ CICERO DE OLIVEIRA;PSDB;1;
ALEXSANDRO DE LIMA;PSDB;2;
LUIZ EDUARDO MARQUES DA SILVA;PSDB;1;
VOTO BRANCO;branco;4;
VOTO NULO;NULO;14;
MARCOS JOSE HERCULANO DA SILVA;PTB;138;
ADELMO ZEFERINO DE SOUZA JUNIOR;MDB;143;
THOMAS HENRIQUE PEIXOTO LEITE;PSDB;22;
VOTO BRANCO;branco;3;
VOTO NULO;NULO;10;
ISAEL RIBEIRO DOS SANTOS;PTB;10;
ADEMIR SAMPAIO DE OLIVEIRA;PTB;2;
LEVI JOSÉ DA SILVA;PTB;4;
FABIANA DE OLIVEIRA SILVA;PSDB;1;
THAYSE FERNANDA SOUSA BARROS LEITE;PSDB;10;
ALEXSANDRO DE LIMA;PSDB;5;
MARIA AUZENI DA SILVA;PSDB;1;
JOSÉ CICERO DE OLIVEIRA;PSDB;5;
ELIAS LEANDRO DA SILVA;PSDB;1;
LUIZ EDUARDO MARQUES DA SILVA;PSDB;1;
VOTO BRANCO;branco;5;
VOTO NULO;NULO;18;
MARCOS JOSE HERCULANO DA SILVA;PTB;149;
ADELMO ZEFERINO DE SOUZA JUNIOR;MDB;134;
THOMAS HENRIQUE PEIXOTO LEITE;PSDB;28;
VOTO BRANCO;branco;5;
ROZILENE RODRIGUES GOMES ALBUQUERQUE;PTB;3;
CLEIDE JANE DOS SANTOS;MDB;1;
JOSÉ RENATO DOS SANTOS;MDB;7;
DJALMA DA ROSA CALHEIROS;MDB;20;
JOSÉ WILLIAMS ALMEIDA DOS SANTOS;MDB;2;
LEANDRO JOÃO DA SILVA;PSDB;1;
ADEMIR SAMPAIO DE OLIVEIRA;PTB;1;
LEVI JOSÉ DA SILVA;PTB;1;
DAIANA SILVA DE SOUSA;PTB;12;
PRISCILA FERNANDES GOMES;PTB;9;
SUYANNE VALERIO DE LIMA;PTB;2;
EVERALDO FERREIRA DE LIMA;PTB;1;
ARY CLEYTON DE CARVALHO REGO;MDB;16;
MANOEL LUIS SANTOS DA SILVA;MDB;15;
ROSIETE DE ARAUJO SILVA;MDB;1;
EGUIMAR FERREIRA DA SILVA;MDB;18;
MARIA DE FATIMA DE ARAUJO FREITAS;MDB;4;
MARIA ALESSANDRA PANTALEÃO DOS SANTOS;MDB;6;
WILLIAM BIZERRA DOS SANTOS;MDB;23;
GIBSON BUARQUE DE MELO;MDB;17;
MANOEL CARLOS RODRIGUES CALHEIROS;MDB;6;
SONIA MARIA DA SILVA;MDB;13;
MANOEL ELIAS DE MELO CALHEIROS;MDB;11;
ADEILSON DE ARAUJO VIEIRA;MDB;21;
GERALDO DOS SANTOS;PTB;6;
JOSÉ CARLOS SILVA MONTEIRO;PTB;1;
ROZILENE RODRIGUES GOMES ALBUQUERQUE;PTB;4;
WELLINGTON DOS SANTOS;PTB;2;
INALDO GONÇALVES DA SILVA;PTB;12;
ISAEL RIBEIRO DOS SANTOS;PTB;11;
ADEVAN DE LIMA SILVA;PSDB;2;
THAYSE FERNANDA SOUSA BARROS LEITE;PSDB;12;
ALEXSANDRO DE LIMA;PSDB;3;
FABIANA DE OLIVEIRA SILVA;PSDB;2;
JOSÉ CICERO DE OLIVEIRA;PSDB;2;
ELIAS LEANDRO DA SILVA;PSDB;1;
GENALDO CRISTOVÃO DOS SANTOS;PSDB;2;
MICHELLE MARIA DOS SANTOS;PSDB;2;
LUIZ EDUARDO MARQUES DA SILVA;PSDB;1;
VOTO BRANCO;branco;4;
VOTO NULO;NULO;12;
VOTO BRANCO;branco;5;
MARCOS JOSE HERCULANO DA SILVA;PTB;133;
ADELMO ZEFERINO DE SOUZA JUNIOR;MDB;155;
THOMAS HENRIQUE PEIXOTO LEITE;PSDB;11;
ELIAS LEANDRO DA SILVA;PSDB;7;
GENALDO CRISTOVÃO DOS SANTOS;PSDB;1;
SONIA MARIA DA SILVA;MDB;15;
MANOEL ELIAS DE MELO CALHEIROS;MDB;13;
ADEILSON DE ARAUJO VIEIRA;MDB;18;
CLEIDE JANE DOS SANTOS;MDB;5;
JOSÉ RENATO DOS SANTOS;MDB;4;
DJALMA DA ROSA CALHEIROS;MDB;16;
JOSÉ WILLIAMS ALMEIDA DOS SANTOS;MDB;6;
LEANDRO JOÃO DA SILVA;PSDB;4;
ARNALDO DA SILVA LIMA;PSDB;2;
THAYSE FERNANDA SOUSA BARROS LEITE;PSDB;14;
ALEXSANDRO DE LIMA;PSDB;5;
MARIA AUZENI DA SILVA;PSDB;2;
FABIANA DE OLIVEIRA SILVA;PSDB;1;
JOSÉ CICERO DE OLIVEIRA;PSDB;9;
ARNALDO BENTO DA SILVA FILHO;PTB;1;
GERALDO DOS SANTOS;PTB;14;
ROZILENE RODRIGUES GOMES ALBUQUERQUE;PTB;6;
CLOVIS MARQUES DOS SANTOS;PTB;1;
JULIANA MATIAS DOS SANTOS;PTB;3;
INALDO GONÇALVES DA SILVA;PTB;1;
ISAEL RIBEIRO DOS SANTOS;PTB;8;
LEVI JOSÉ DA SILVA;PTB;3;
LOURIVAL DOS SANTOS LIMA;PTB;2;
DAIANA SILVA DE SOUSA;PTB;10;
PRISCILA FERNANDES GOMES;PTB;3;
SUYANNE VALERIO DE LIMA;PTB;2;
EVERALDO FERREIRA DE LIMA;PTB;2;
ARY CLEYTON DE CARVALHO REGO;MDB;12;
MANOEL LUIS SANTOS DA SILVA;MDB;15;
EGUIMAR FERREIRA DA SILVA;MDB;22;
MARIA DE FATIMA DE ARAUJO FREITAS;MDB;8;
MARIA ALESSANDRA PANTALEÃO DOS SANTOS;MDB;7;
WILLIAM BIZERRA DOS SANTOS;MDB;16;
SIDIANE MARIA LIMA DA SILVA;MDB;2;
GIBSON BUARQUE DE MELO;MDB;17;
MANOEL CARLOS RODRIGUES CALHEIROS;MDB;14;
LUIZ EDUARDO MARQUES DA SILVA;PSDB;1;
VOTO BRANCO;branco;4;
VOTO NULO;NULO;17;
MARCOS JOSE HERCULANO DA SILVA;PTB;152;
ADELMO ZEFERINO DE SOUZA JUNIOR;MDB;134;
THOMAS HENRIQUE PEIXOTO LEITE;PSDB;26;
VOTO BRANCO;branco;5;
VOTO NULO;NULO;13;
ADEILSON DE ARAUJO VIEIRA;MDB;20;
VOTO BRANCO;branco;7;
MARCOS JOSE HERCULANO DA SILVA;PTB;154;
ADELMO ZEFERINO DE SOUZA JUNIOR;MDB;125;
THOMAS HENRIQUE PEIXOTO LEITE;PSDB;21;
VOTO NULO;NULO;10;
ARNALDO BENTO DA SILVA FILHO;PTB;1;
GERALDO DOS SANTOS;PTB;18;
JOSÉ CARLOS SILVA MONTEIRO;PTB;1;
MARIA JOSÉ DE AZEVEDO BISPO;PTB;1;
INALDO GONÇALVES DA SILVA;PTB;1;
ISAEL RIBEIRO DOS SANTOS;PTB;8;
LEVI JOSÉ DA SILVA;PTB;3;
LOURIVAL DOS SANTOS LIMA;PTB;5;
PRISCILA FERNANDES GOMES;PTB;8;
EVERALDO FERREIRA DE LIMA;PTB;1;
ARY CLEYTON DE CARVALHO REGO;MDB;9;
MANOEL LUIS SANTOS DA SILVA;MDB;13;
ROSIETE DE ARAUJO SILVA;MDB;1;
EGUIMAR FERREIRA DA SILVA;MDB;14;
MARIA DE FATIMA DE ARAUJO FREITAS;MDB;6;
MARIA ALESSANDRA PANTALEÃO DOS SANTOS;MDB;10;
WILLIAM BIZERRA DOS SANTOS;MDB;13;
GIBSON BUARQUE DE MELO;MDB;20;
MANOEL CARLOS RODRIGUES CALHEIROS;MDB;15;
SONIA MARIA DA SILVA;MDB;17;
MANOEL ELIAS DE MELO CALHEIROS;MDB;12;
ADEILSON DE ARAUJO VIEIRA;MDB;23;
JOSÉ RENATO DOS SANTOS;MDB;10;
DJALMA DA ROSA CALHEIROS;MDB;19;
JOSÉ WILLIAMS ALMEIDA DOS SANTOS;MDB;7;
LEANDRO JOÃO DA SILVA;PSDB;2;
ADEVAN DE LIMA SILVA;PSDB;1;
ADEILSON DE ARAUJO VIEIRA;MDB;28;
ADEMIR SAMPAIO DE OLIVEIRA;PTB;1;
JOSÉ RENATO DOS SANTOS;MDB;7;
DJALMA DA ROSA CALHEIROS;MDB;26;
JOSÉ WILLIAMS ALMEIDA DOS SANTOS;MDB;3;
LEANDRO JOÃO DA SILVA;PSDB;4;
ADEVAN DE LIMA SILVA;PSDB;1;
ARNALDO DA SILVA LIMA;PSDB;2;
THAYSE FERNANDA SOUSA BARROS LEITE;PSDB;14;
ALEXSANDRO DE LIMA;PSDB;9;
FABIANA DE OLIVEIRA SILVA;PSDB;1;
JOSÉ CICERO DE OLIVEIRA;PSDB;8;
ELIAS LEANDRO DA SILVA;PSDB;3;
VOTO BRANCO;branco;6;
VOTO NULO;NULO;10;
MARCOS JOSE HERCULANO DA SILVA;PTB;150;
ADELMO ZEFERINO DE SOUZA JUNIOR;MDB;131;
THOMAS HENRIQUE PEIXOTO LEITE;PSDB;18;
VOTO BRANCO;branco;9;
VOTO NULO;NULO;13;
JOSÉ CICERO DE OLIVEIRA;PSDB;3;
MICHELLE MARIA DOS SANTOS;PSDB;1;
VOTO BRANCO;branco;4;
MARCOS JOSE HERCULANO DA SILVA;PTB;123;
ADELMO ZEFERINO DE SOUZA JUNIOR;MDB;122;
THOMAS HENRIQUE PEIXOTO LEITE;PSDB;14;
VOTO BRANCO;branco;4;
ARY CLEYTON DE CARVALHO REGO;MDB;14;
SUYANNE VALERIO DE LIMA;PTB;1;
PRISCILA FERNANDES GOMES;PTB;10;
MANOEL LUIS SANTOS DA SILVA;MDB;9;
ROSIETE DE ARAUJO SILVA;MDB;1;
EGUIMAR FERREIRA DA SILVA;MDB;21;
MARIA DE FATIMA DE ARAUJO FREITAS;MDB;5;
MARIA ALESSANDRA PANTALEÃO DOS SANTOS;MDB;2;
WILLIAM BIZERRA DOS SANTOS;MDB;11;
GIBSON BUARQUE DE MELO;MDB;21;
THAYSE FERNANDA SOUSA BARROS LEITE;PSDB;7;
ALEXSANDRO DE LIMA;PSDB;5;
FABIANA DE OLIVEIRA SILVA;PSDB;2;
JOSÉ CICERO DE OLIVEIRA;PSDB;2;
ROSA MARIA DA SILVA SANTOS;PSDB;1;
ELIAS LEANDRO DA SILVA;PSDB;4;
LUIZ EDUARDO MARQUES DA SILVA;PSDB;1;
VOTO BRANCO;branco;2;
VOTO NULO;NULO;10;
MARCOS JOSE HERCULANO DA SILVA;PTB;125;
ADELMO ZEFERINO DE SOUZA JUNIOR;MDB;121;
THOMAS HENRIQUE PEIXOTO LEITE;PSDB;8;
VOTO BRANCO;branco;4;
VOTO NULO;NULO;8;
MANOEL CARLOS RODRIGUES CALHEIROS;MDB;14;
SONIA MARIA DA SILVA;MDB;16;
MANOEL ELIAS DE MELO CALHEIROS;MDB;9;
ADEILSON DE ARAUJO VIEIRA;MDB;19;
JOSÉ RENATO DOS SANTOS;MDB;7;
DJALMA DA ROSA CALHEIROS;MDB;14;
JOSÉ WILLIAMS ALMEIDA DOS SANTOS;MDB;3;
ADEVAN DE LIMA SILVA;PSDB;2;
ARNALDO DA SILVA LIMA;PSDB;1;
GERALDO DOS SANTOS;PTB;15;
ROZILENE RODRIGUES GOMES ALBUQUERQUE;PTB;5;
INALDO GONÇALVES DA SILVA;PTB;3;
ISAEL RIBEIRO DOS SANTOS;PTB;3;
LEVI JOSÉ DA SILVA;PTB;5;
DAIANA SILVA DE SOUSA;PTB;8;
ARY CLEYTON DE CARVALHO REGO;MDB;10;
SONIA MARIA DA SILVA;MDB;16;
MANOEL ELIAS DE MELO CALHEIROS;MDB;5;
ADEILSON DE ARAUJO VIEIRA;MDB;11;
CLEIDE JANE DOS SANTOS;MDB;2;
JOSÉ RENATO DOS SANTOS;MDB;13;
DJALMA DA ROSA CALHEIROS;MDB;16;
JOSÉ WILLIAMS ALMEIDA DOS SANTOS;MDB;4;
LEANDRO JOÃO DA SILVA;PSDB;2;
ARNALDO DA SILVA LIMA;PSDB;2;
ISAEL RIBEIRO DOS SANTOS;PTB;12;
ADELMO ZEFERINO DE SOUZA JUNIOR;MDB;138;
THOMAS HENRIQUE PEIXOTO LEITE;PSDB;31;
THAYSE FERNANDA SOUSA BARROS LEITE;PSDB;16;
LEVI JOSÉ DA SILVA;PTB;5;
LOURIVAL DOS SANTOS LIMA;PTB;2;
ARNALDO DA SILVA LIMA;PSDB;2;
THAYSE FERNANDA SOUSA BARROS LEITE;PSDB;13;
ALEXSANDRO DE LIMA;PSDB;4;
MARIA AUZENI DA SILVA;PSDB;1;
JOSÉ CICERO DE OLIVEIRA;PSDB;4;
ROSA MARIA DA SILVA SANTOS;PSDB;1;
ELIAS LEANDRO DA SILVA;PSDB;2;
GENALDO CRISTOVÃO DOS SANTOS;PSDB;1;
LUIZ EDUARDO MARQUES DA SILVA;PSDB;2;
VOTO BRANCO;branco;4;
VOTO NULO;NULO;14;
MARCOS JOSE HERCULANO DA SILVA;PTB;161;
ADELMO ZEFERINO DE SOUZA JUNIOR;MDB;133;
THOMAS HENRIQUE PEIXOTO LEITE;PSDB;23;
VOTO BRANCO;branco;2;
VOTO NULO;NULO;11;
DAIANA SILVA DE SOUSA;PTB;7;
PRISCILA FERNANDES GOMES;PTB;6;
SUYANNE VALERIO DE LIMA;PTB;2;
EVERALDO FERREIRA DE LIMA;PTB;2;
ARY CLEYTON DE CARVALHO REGO;MDB;16;
MANOEL LUIS SANTOS DA SILVA;MDB;19;
ROSIETE DE ARAUJO SILVA;MDB;1;
EGUIMAR FERREIRA DA SILVA;MDB;18;
MARIA DE FATIMA DE ARAUJO FREITAS;MDB;4;
MARIA ALESSANDRA PANTALEÃO DOS SANTOS;MDB;7;
WILLIAM BIZERRA DOS SANTOS;MDB;13;
SIDIANE MARIA LIMA DA SILVA;MDB;1;
GIBSON BUARQUE DE MELO;MDB;23;
MANOEL CARLOS RODRIGUES CALHEIROS;MDB;12;
SONIA MARIA DA SILVA;MDB;16;
MANOEL ELIAS DE MELO CALHEIROS;MDB;12;
ADEILSON DE ARAUJO VIEIRA;MDB;19;
CLEIDE JANE DOS SANTOS;MDB;3;
JOSÉ RENATO DOS SANTOS;MDB;12;
DJALMA DA ROSA CALHEIROS;MDB;20;
JOSÉ WILLIAMS ALMEIDA DOS SANTOS;MDB;5;
LEANDRO JOÃO DA SILVA;PSDB;4;
ADEVAN DE LIMA SILVA;PSDB;1;
GERALDO DOS SANTOS;PTB;9;
ROZILENE RODRIGUES GOMES ALBUQUERQUE;PTB;2;
INALDO GONÇALVES DA SILVA;PTB;3;
JOSÉ WILLIAMS ALMEIDA DOS SANTOS;MDB;5;
ARNALDO BENTO DA SILVA FILHO;PTB;2;
ARNALDO DA SILVA LIMA;PSDB;4;
FABIANA DE OLIVEIRA SILVA;PSDB;2;
ARNALDO DA SILVA LIMA;PSDB;1;
THAYSE FERNANDA SOUSA BARROS LEITE;PSDB;11;
ALEXSANDRO DE LIMA;PSDB;8;
JOSÉ CICERO DE OLIVEIRA;PSDB;3;
ELIAS LEANDRO DA SILVA;PSDB;1;
GENALDO CRISTOVÃO DOS SANTOS;PSDB;2;
LUIZ EDUARDO MARQUES DA SILVA;PSDB;1;
VOTO BRANCO;branco;6;
VOTO NULO;NULO;12;
MARCOS JOSE HERCULANO DA SILVA;PTB;129;
ADELMO ZEFERINO DE SOUZA JUNIOR;MDB;111;
VOTO NULO;NULO;8;
EVERALDO FERREIRA DE LIMA;PTB;1;
ARY CLEYTON DE CARVALHO REGO;MDB;16;
MANOEL LUIS SANTOS DA SILVA;MDB;19;
ROSIETE DE ARAUJO SILVA;MDB;3;
EGUIMAR FERREIRA DA SILVA;MDB;16;
MARIA DE FATIMA DE ARAUJO FREITAS;MDB;3;
MARIA ALESSANDRA PANTALEÃO DOS SANTOS;MDB;15;
WILLIAM BIZERRA DOS SANTOS;MDB;18;
GIBSON BUARQUE DE MELO;MDB;13;
MANOEL CARLOS RODRIGUES CALHEIROS;MDB;22;
SONIA MARIA DA SILVA;MDB;10;
MANOEL ELIAS DE MELO CALHEIROS;MDB;11;
ADEILSON DE ARAUJO VIEIRA;MDB;13;
CLEIDE JANE DOS SANTOS;MDB;1;
JOSÉ RENATO DOS SANTOS;MDB;7;
DJALMA DA ROSA CALHEIROS;MDB;10;
JOSÉ WILLIAMS ALMEIDA DOS SANTOS;MDB;4;
ARNALDO DA SILVA LIMA;PSDB;1;
THAYSE FERNANDA SOUSA BARROS LEITE;PSDB;10;
ALEXSANDRO DE LIMA;PSDB;14;
GERALDO DOS SANTOS;PTB;9;
ROZILENE RODRIGUES GOMES ALBUQUERQUE;PTB;2;
INALDO GONÇALVES DA SILVA;PTB;9;
ISAEL RIBEIRO DOS SANTOS;PTB;3;
ADEMIR SAMPAIO DE OLIVEIRA;PTB;2;
LEVI JOSÉ DA SILVA;PTB;3;
LOURIVAL DOS SANTOS LIMA;PTB;2;
DAIANA SILVA DE SOUSA;PTB;8;
PRISCILA FERNANDES GOMES;PTB;7;
FABIANA DE OLIVEIRA SILVA;PSDB;4;
JOSÉ CICERO DE OLIVEIRA;PSDB;1;
ELIAS LEANDRO DA SILVA;PSDB;3;
GENALDO CRISTOVÃO DOS SANTOS;PSDB;19;
MICHELLE MARIA DOS SANTOS;PSDB;1;
VOTO BRANCO;branco;3;
VOTO NULO;NULO;12;
MARCOS JOSE HERCULANO DA SILVA;PTB;129;
ADELMO ZEFERINO DE SOUZA JUNIOR;MDB;121;
THOMAS HENRIQUE PEIXOTO LEITE;PSDB;42;
VOTO BRANCO;branco;4;
VOTO NULO;NULO;9;
Partido da Social Democracia Brasileira;PSDB;3;
Movimento Democrático Brasileiro;MDB;4;
Partido Trabalhista Brasileiro;PTB;7;
Movimento Democrático Brasileiro;MDB;6;
Partido Trabalhista Brasileiro;PTB;4;
Partido da Social Democracia Brasileira;PSDB;2;
Movimento Democrático Brasileiro;MDB;13;
Partido Trabalhista Brasileiro;PTB;6;
Partido da Social Democracia Brasileira;PSDB;2;
Movimento Democrático Brasileiro;MDB;7;
Partido Trabalhista Brasileiro;PTB;8;
Partido da Social Democracia Brasileira;PSDB;3;
Movimento Democrático Brasileiro;MDB;13;
Partido Trabalhista Brasileiro;PTB;10;
Movimento Democrático Brasileiro;MDB;9;
Partido Trabalhista Brasileiro;PTB;8;
Partido da Social Democracia Brasileira;PSDB;2;
Movimento Democrático Brasileiro;MDB;6;
Partido Trabalhista Brasileiro;PTB;11;
Movimento Democrático Brasileiro;MDB;7;
Partido Trabalhista Brasileiro;PTB;10;
Partido da Social Democracia Brasileira;PSDB;3;
Movimento Democrático Brasileiro;MDB;7;
Partido Trabalhista Brasileiro;PTB;6;
Partido da Social Democracia Brasileira;PSDB;2;
Movimento Democrático Brasileiro;MDB;11;
Partido Trabalhista Brasileiro;PTB;2;
Partido da Social Democracia Brasileira;PSDB;1;
Movimento Democrático Brasileiro;MDB;11;
Partido Trabalhista Brasileiro;PTB;11;
Partido da Social Democracia Brasileira;PSDB;4;
Movimento Democrático Brasileiro;MDB;15;
Partido Trabalhista Brasileiro;PTB;17;
Partido da Social Democracia Brasileira;PSDB;3;
Movimento Democrático Brasileiro;MDB;7;
Partido Trabalhista Brasileiro;PTB;6;
Partido da Social Democracia Brasileira;PSDB;4;
Movimento Democrático Brasileiro;MDB;15;
Partido Trabalhista Brasileiro;PTB;6;
Partido da Social Democracia Brasileira;PSDB;1;
Movimento Democrático Brasileiro;MDB;10;
Partido Trabalhista Brasileiro;PTB;6;
Partido da Social Democracia Brasileira;PSDB;3;
Movimento Democrático Brasileiro;MDB;6;
Partido Trabalhista Brasileiro;PTB;4;
Movimento Democrático Brasileiro;MDB;8;
Partido Trabalhista Brasileiro;PTB;8;
Partido da Social Democracia Brasileira;PSDB;2;
Movimento Democrático Brasileiro;MDB;9;
Partido Trabalhista Brasileiro;PTB;8;
Partido da Social Democracia Brasileira;PSDB;1;
Movimento Democrático Brasileiro;MDB;7;
Partido Trabalhista Brasileiro;PTB;8;
Partido da Social Democracia Brasileira;PSDB;1;
Movimento Democrático Brasileiro;MDB;11;
Partido Trabalhista Brasileiro;PTB;5;
Partido da Social Democracia Brasileira;PSDB;1;
Movimento Democrático Brasileiro;MDB;9;
Partido Trabalhista Brasileiro;PTB;10;
Partido da Social Democracia Brasileira;PSDB;2;
Partido Trabalhista Brasileiro;PTB;2;
Movimento Democrático Brasileiro;MDB;5;
Partido Trabalhista Brasileiro;PTB;5;
Movimento Democrático Brasileiro;MDB;12;
Movimento Democrático Brasileiro;MDB;6;
Partido Trabalhista Brasileiro;PTB;8;
Partido da Social Democracia Brasileira;PSDB;1;
Movimento Democrático Brasileiro;MDB;12;
Partido Trabalhista Brasileiro;PTB;8;
Partido da Social Democracia Brasileira;PSDB;4;
Movimento Democrático Brasileiro;MDB;10;
Partido Trabalhista Brasileiro;PTB;10;
